rebalance_date,strategy,objective,beta,max_total_crypto_weight,turnover_one_way,is_initial_rebalance,n_assets_changed,max_abs_weight_change
2019-01-01,cvar_baseline,min_historical_cvar,0.95,0.2,0.0,True,0,0.0
2019-02-01,cvar_baseline,min_historical_cvar,0.95,0.2,0.019297882508408172,False,4,0.019297882508408137
2019-03-01,cvar_baseline,min_historical_cvar,0.95,0.2,0.007351115313085498,False,4,0.005952753301482261
2019-04-01,cvar_baseline,min_historical_cvar,0.95,0.2,0.01282038968287539,False,4,0.012331574301275294
2019-05-01,cvar_baseline,min_historical_cvar,0.95,0.2,0.015421688581383042,False,4,0.010515387013501576
2019-06-03,cvar_baseline,min_historical_cvar,0.95,0.2,0.022847400259150455,False,4,0.021247396060913526
2019-07-01,cvar_baseline,min_historical_cvar,0.95,0.2,0.014367755067358452,False,4,0.014367755067358434
2019-08-01,cvar_baseline,min_historical_cvar,0.95,0.2,0.021141586369311426,False,4,0.021141586369311405
2019-09-02,cvar_baseline,min_historical_cvar,0.95,0.2,0.02351488638858429,False,3,0.023514886388584233
2019-10-01,cvar_baseline,min_historical_cvar,0.95,0.2,0.014546858142945429,False,5,0.014546858142945429
2019-11-01,cvar_baseline,min_historical_cvar,0.95,0.2,0.05423404464278126,False,5,0.05423404464278128
2019-12-02,cvar_baseline,min_historical_cvar,0.95,0.2,0.04063911360550436,False,5,0.03249827166828968
2020-01-01,cvar_baseline,min_historical_cvar,0.95,0.2,0.016566906017475208,False,6,0.011295922855323465
2020-02-03,cvar_baseline,min_historical_cvar,0.95,0.2,0.014299816218904308,False,6,0.013407753952363488
2020-03-02,cvar_baseline,min_historical_cvar,0.95,0.2,0.06525583504590882,False,6,0.040418952160641834
2020-04-01,cvar_baseline,min_historical_cvar,0.95,0.2,0.3543542225926938,False,5,0.3156196831272211
2020-05-01,cvar_baseline,min_historical_cvar,0.95,0.2,0.02097601300703772,False,3,0.020976013007037664
2020-06-01,cvar_baseline,min_historical_cvar,0.95,0.2,0.013796726382815622,False,3,0.013796726382815538
2020-07-01,cvar_baseline,min_historical_cvar,0.95,0.2,0.009686988887426667,False,3,0.00968698888742664
2020-08-03,cvar_baseline,min_historical_cvar,0.95,0.2,0.010602729208587458,False,3,0.010602729208587458
2020-09-01,cvar_baseline,min_historical_cvar,0.95,0.2,0.03965951258840157,False,4,0.03965951258840161
2020-10-01,cvar_baseline,min_historical_cvar,0.95,0.2,0.07393814969301823,False,4,0.06935403058652312
2020-11-02,cvar_baseline,min_historical_cvar,0.95,0.2,0.011441949944150515,False,4,0.007326298137466186
2020-12-01,cvar_baseline,min_historical_cvar,0.95,0.2,0.24508358491205545,False,4,0.24508358491205545
2021-01-01,cvar_baseline,min_historical_cvar,0.95,0.2,0.014810470106840556,False,3,0.014810470106840612
2021-02-01,cvar_baseline,min_historical_cvar,0.95,0.2,0.005200117001534943,False,3,0.005200117001534943
2021-03-01,cvar_baseline,min_historical_cvar,0.95,0.2,0.019069629248000153,False,3,0.019069629248000153
2021-04-01,cvar_baseline,min_historical_cvar,0.95,0.2,0.04949131816245633,False,4,0.04949131816245633
2021-05-03,cvar_baseline,min_historical_cvar,0.95,0.2,0.006471224957975438,False,4,0.005055958721392029
2021-06-01,cvar_baseline,min_historical_cvar,0.95,0.2,0.014327316331907354,False,4,0.012739121707410817
2021-07-01,cvar_baseline,min_historical_cvar,0.95,0.2,0.021963934810531577,False,3,0.021963934810531494
2021-08-02,cvar_baseline,min_historical_cvar,0.95,0.2,0.0027290063587015745,False,3,0.0027290063587015467
2021-09-01,cvar_baseline,min_historical_cvar,0.95,0.2,0.014208195717540142,False,4,0.00990784112100473
2021-10-01,cvar_baseline,min_historical_cvar,0.95,0.2,0.0122638460854928,False,4,0.009547657233876402
2021-11-01,cvar_baseline,min_historical_cvar,0.95,0.2,0.010975975973293584,False,3,0.010975975973293639
2021-12-01,cvar_baseline,min_historical_cvar,0.95,0.2,0.00797546257420656,False,3,0.00797546257420656
2022-01-03,cvar_baseline,min_historical_cvar,0.95,0.2,0.013454623913103703,False,3,0.013454623913103703
2022-02-01,cvar_baseline,min_historical_cvar,0.95,0.2,0.006358514603750809,False,3,0.006358514603750809
2022-03-01,cvar_baseline,min_historical_cvar,0.95,0.2,0.043488053559029044,False,3,0.04348805355902907
2022-04-01,cvar_baseline,min_historical_cvar,0.95,0.2,0.016695113267893857,False,3,0.016695113267893857
2022-05-02,cvar_baseline,min_historical_cvar,0.95,0.2,0.01706738130424572,False,4,0.017067381304245732
2022-06-01,cvar_baseline,min_historical_cvar,0.95,0.2,0.021786476367016375,False,4,0.019242468409418567
2022-07-01,cvar_baseline,min_historical_cvar,0.95,0.2,0.01294516171144286,False,3,0.012945161711442832
2022-08-01,cvar_baseline,min_historical_cvar,0.95,0.2,0.0366991370945898,False,3,0.03669913709458977
2022-09-01,cvar_baseline,min_historical_cvar,0.95,0.2,0.013714330428025723,False,3,0.013714330428025723
2022-10-03,cvar_baseline,min_historical_cvar,0.95,0.2,0.014219964947361191,False,3,0.014219964947361219
2022-11-01,cvar_baseline,min_historical_cvar,0.95,0.2,0.03873519302962092,False,3,0.03873519302962086
2022-12-01,cvar_baseline,min_historical_cvar,0.95,0.2,0.0044341139752107905,False,3,0.004434113975210707
2023-01-02,cvar_baseline,min_historical_cvar,0.95,0.2,0.016190083376288883,False,3,0.016190083376288855
2023-02-01,cvar_baseline,min_historical_cvar,0.95,0.2,0.0035007245130114217,False,3,0.0035007245130114217
2023-03-01,cvar_baseline,min_historical_cvar,0.95,0.2,0.005695718185123377,False,3,0.005695718185123377
2023-04-03,cvar_baseline,min_historical_cvar,0.95,0.2,0.0077553672572583665,False,3,0.00775536725725845
2023-05-01,cvar_baseline,min_historical_cvar,0.95,0.2,0.0020753663614550832,False,3,0.002075366361455111
2023-06-01,cvar_baseline,min_historical_cvar,0.95,0.2,0.0045829552998535306,False,3,0.004582955299853586
2023-07-03,cvar_baseline,min_historical_cvar,0.95,0.2,0.015558090329077623,False,3,0.015558090329077567
2023-08-01,cvar_baseline,min_historical_cvar,0.95,0.2,0.011904918363136702,False,3,0.011904918363136618
2023-09-01,cvar_baseline,min_historical_cvar,0.95,0.2,0.016984976970653428,False,4,0.014287946097205628
2023-10-02,cvar_baseline,min_historical_cvar,0.95,0.2,0.040686853774564546,False,4,0.040686853774564546
2023-11-01,cvar_baseline,min_historical_cvar,0.95,0.2,0.03525083240596689,False,5,0.025122282847142574
2023-12-01,cvar_baseline,min_historical_cvar,0.95,0.2,0.02822746716901246,False,5,0.021484578146519166
2024-01-01,cvar_baseline,min_historical_cvar,0.95,0.2,0.06533608131843237,False,6,0.06533608131843241
2024-02-01,cvar_baseline,min_historical_cvar,0.95,0.2,0.06796068709091325,False,6,0.06113718853868588
2024-03-01,cvar_baseline,min_historical_cvar,0.95,0.2,0.030151866021696394,False,6,0.021819682806584296
2024-04-01,cvar_baseline,min_historical_cvar,0.95,0.2,0.0156609304484214,False,6,0.012104673310884329
2024-05-01,cvar_baseline,min_historical_cvar,0.95,0.2,0.030414756076023466,False,6,0.01953554671852964
2024-06-03,cvar_baseline,min_historical_cvar,0.95,0.2,0.012619589539115805,False,5,0.00762328118131006
2024-07-01,cvar_baseline,min_historical_cvar,0.95,0.2,0.03606275450335524,False,5,0.03056399298077829
2024-08-01,cvar_baseline,min_historical_cvar,0.95,0.2,0.0818940853266855,False,5,0.07369988178317308
2024-09-02,cvar_baseline,min_historical_cvar,0.95,0.2,0.07661925899776971,False,5,0.07661925899776978
2024-10-01,cvar_baseline,min_historical_cvar,0.95,0.2,0.022066621861458538,False,4,0.02206662186145847
2024-11-01,cvar_baseline,min_historical_cvar,0.95,0.2,0.12575700715925622,False,5,0.10685962650655453
2024-12-02,cvar_baseline,min_historical_cvar,0.95,0.2,0.014116568947891612,False,4,0.012952971055766538
2025-01-01,cvar_baseline,min_historical_cvar,0.95,0.2,0.059686047911418794,False,4,0.056113294945227245
2025-02-03,cvar_baseline,min_historical_cvar,0.95,0.2,0.02868024159781521,False,4,0.028680241597815237
2025-03-03,cvar_baseline,min_historical_cvar,0.95,0.2,0.02346485548187176,False,4,0.012685136792602303
2025-04-01,cvar_baseline,min_historical_cvar,0.95,0.2,0.030869435198615368,False,4,0.03086943519861529
2025-05-01,cvar_baseline,min_historical_cvar,0.95,0.2,0.08498820888963644,False,5,0.07110016529299351
2025-06-02,cvar_baseline,min_historical_cvar,0.95,0.2,0.026582272526355928,False,4,0.02658227252635592
2025-07-01,cvar_baseline,min_historical_cvar,0.95,0.2,0.007265503827758358,False,4,0.007265503827758313
2025-08-01,cvar_baseline,min_historical_cvar,0.95,0.2,0.013871010641800442,False,4,0.013871010641800463
2025-09-01,cvar_baseline,min_historical_cvar,0.95,0.2,0.013366310250383834,False,4,0.010365386660462494
2025-10-01,cvar_baseline,min_historical_cvar,0.95,0.2,0.017200339193214197,False,4,0.017200339193214176
2025-11-03,cvar_baseline,min_historical_cvar,0.95,0.2,0.04117568694423197,False,4,0.03862125372246661
2025-12-01,cvar_baseline,min_historical_cvar,0.95,0.2,0.017904787832290207,False,4,0.012501658840158802
2026-01-01,cvar_baseline,min_historical_cvar,0.95,0.2,0.01260576158755366,False,4,0.012381684332763931
2026-02-02,cvar_baseline,min_historical_cvar,0.95,0.2,0.0923313470515002,False,4,0.09233134705150009
2026-03-02,cvar_baseline,min_historical_cvar,0.95,0.2,0.09115308248991917,False,5,0.08658053141626876
2026-04-01,cvar_baseline,min_historical_cvar,0.95,0.2,0.06941546387944147,False,5,0.06941546387944147
2026-05-01,cvar_baseline,min_historical_cvar,0.95,0.2,0.04991297006054541,False,5,0.028354692066565768
2019-01-01,cvar_no_crypto_control,min_historical_cvar,0.95,0.0,0.0,True,0,0.0
2019-02-01,cvar_no_crypto_control,min_historical_cvar,0.95,0.0,0.012927121606595593,False,3,0.012927121606595593
2019-03-01,cvar_no_crypto_control,min_historical_cvar,0.95,0.0,0.00803761723161367,False,3,0.00803761723161367
2019-04-01,cvar_no_crypto_control,min_historical_cvar,0.95,0.0,0.012479574397634946,False,3,0.012479574397634974
2019-05-01,cvar_no_crypto_control,min_historical_cvar,0.95,0.0,0.011417352674263248,False,3,0.011417352674263304
2019-06-03,cvar_no_crypto_control,min_historical_cvar,0.95,0.0,0.02068533717240159,False,3,0.020685337172401563
2019-07-01,cvar_no_crypto_control,min_historical_cvar,0.95,0.0,0.014182322570277905,False,3,0.01418232257027785
2019-08-01,cvar_no_crypto_control,min_historical_cvar,0.95,0.0,0.021798986064305997,False,3,0.021798986064306025
2019-09-02,cvar_no_crypto_control,min_historical_cvar,0.95,0.0,0.023514886388584344,False,3,0.023514886388584344
2019-10-01,cvar_no_crypto_control,min_historical_cvar,0.95,0.0,0.013888719881562456,False,3,0.013888719881562483
2019-11-01,cvar_no_crypto_control,min_historical_cvar,0.95,0.0,0.05453525121564176,False,4,0.05453525121564178
2019-12-02,cvar_no_crypto_control,min_historical_cvar,0.95,0.0,0.022765938427431232,False,4,0.022514438676590844
2020-01-01,cvar_no_crypto_control,min_historical_cvar,0.95,0.0,0.03420770158564644,False,4,0.02868561075025461
2020-02-03,cvar_no_crypto_control,min_historical_cvar,0.95,0.0,0.012875533540263988,False,4,0.01230032672212028
2020-03-02,cvar_no_crypto_control,min_historical_cvar,0.95,0.0,0.08415147819580404,False,4,0.06247339484036807
2020-04-01,cvar_no_crypto_control,min_historical_cvar,0.95,0.0,0.3470310813344377,False,4,0.3146079930746344
2020-05-01,cvar_no_crypto_control,min_historical_cvar,0.95,0.0,0.020976013007037747,False,3,0.02097601300703772
2020-06-01,cvar_no_crypto_control,min_historical_cvar,0.95,0.0,0.0137967263828159,False,3,0.013796726382815816
2020-07-01,cvar_no_crypto_control,min_historical_cvar,0.95,0.0,0.009686988887426001,False,3,0.009686988887426029
2020-08-03,cvar_no_crypto_control,min_historical_cvar,0.95,0.0,0.01060272920858768,False,3,0.01060272920858768
2020-09-01,cvar_no_crypto_control,min_historical_cvar,0.95,0.0,0.039659512588400406,False,4,0.03965951258840045
2020-10-01,cvar_no_crypto_control,min_historical_cvar,0.95,0.0,0.07393814969301957,False,4,0.06935403058652444
2020-11-02,cvar_no_crypto_control,min_historical_cvar,0.95,0.0,0.011441949944150799,False,4,0.007326298137466575
2020-12-01,cvar_no_crypto_control,min_historical_cvar,0.95,0.0,0.24508358491205592,False,4,0.24508358491205598
2021-01-01,cvar_no_crypto_control,min_historical_cvar,0.95,0.0,0.014810470106840501,False,3,0.014810470106840501
2021-02-01,cvar_no_crypto_control,min_historical_cvar,0.95,0.0,0.005200117001534943,False,3,0.005200117001534943
2021-03-01,cvar_no_crypto_control,min_historical_cvar,0.95,0.0,0.019069629247999653,False,3,0.01906962924799971
2021-04-01,cvar_no_crypto_control,min_historical_cvar,0.95,0.0,0.04904914517441902,False,3,0.04904914517441905
2021-05-03,cvar_no_crypto_control,min_historical_cvar,0.95,0.0,0.005047568648134854,False,3,0.005047568648134937
2021-06-01,cvar_no_crypto_control,min_historical_cvar,0.95,0.0,0.015051460038909947,False,3,0.015051460038910003
2021-07-01,cvar_no_crypto_control,min_historical_cvar,0.95,0.0,0.0219639348105313,False,3,0.02196393481053127
2021-08-02,cvar_no_crypto_control,min_historical_cvar,0.95,0.0,0.002729006358701741,False,3,0.0027290063587017688
2021-09-01,cvar_no_crypto_control,min_historical_cvar,0.95,0.0,0.007202668430581843,False,3,0.007202668430581816
2021-10-01,cvar_no_crypto_control,min_historical_cvar,0.95,0.0,0.0037942208381852305,False,3,0.0037942208381852027
2021-11-01,cvar_no_crypto_control,min_historical_cvar,0.95,0.0,0.010975975973293584,False,3,0.010975975973293639
2021-12-01,cvar_no_crypto_control,min_historical_cvar,0.95,0.0,0.00797546257420656,False,3,0.00797546257420656
2022-01-03,cvar_no_crypto_control,min_historical_cvar,0.95,0.0,0.013454623913103703,False,3,0.013454623913103703
2022-02-01,cvar_no_crypto_control,min_historical_cvar,0.95,0.0,0.006358514603750809,False,3,0.006358514603750809
2022-03-01,cvar_no_crypto_control,min_historical_cvar,0.95,0.0,0.043488053559029044,False,3,0.04348805355902907
2022-04-01,cvar_no_crypto_control,min_historical_cvar,0.95,0.0,0.016695113267893857,False,3,0.016695113267893857
2022-05-02,cvar_no_crypto_control,min_historical_cvar,0.95,0.0,0.017067381304245705,False,3,0.017067381304245677
2022-06-01,cvar_no_crypto_control,min_historical_cvar,0.95,0.0,0.01907256741756097,False,3,0.01907256741756097
2022-07-01,cvar_no_crypto_control,min_historical_cvar,0.95,0.0,0.012945161711442832,False,3,0.012945161711442832
2022-08-01,cvar_no_crypto_control,min_historical_cvar,0.95,0.0,0.03669913709458977,False,3,0.03669913709458977
2022-09-01,cvar_no_crypto_control,min_historical_cvar,0.95,0.0,0.013714330428025723,False,3,0.013714330428025667
2022-10-03,cvar_no_crypto_control,min_historical_cvar,0.95,0.0,0.014219964947361247,False,3,0.014219964947361219
2022-11-01,cvar_no_crypto_control,min_historical_cvar,0.95,0.0,0.038735193029621334,False,3,0.03873519302962136
2022-12-01,cvar_no_crypto_control,min_historical_cvar,0.95,0.0,0.004434113975211179,False,3,0.004434113975211151
2023-01-02,cvar_no_crypto_control,min_historical_cvar,0.95,0.0,0.016190083376288994,False,3,0.016190083376288966
2023-02-01,cvar_no_crypto_control,min_historical_cvar,0.95,0.0,0.003500724513010922,False,3,0.003500724513010922
2023-03-01,cvar_no_crypto_control,min_historical_cvar,0.95,0.0,0.005695718185122212,False,3,0.005695718185122267
2023-04-03,cvar_no_crypto_control,min_historical_cvar,0.95,0.0,0.0077553672572583665,False,3,0.00775536725725845
2023-05-01,cvar_no_crypto_control,min_historical_cvar,0.95,0.0,0.0020753663614550832,False,3,0.002075366361455111
2023-06-01,cvar_no_crypto_control,min_historical_cvar,0.95,0.0,0.004582955299853808,False,3,0.004582955299853808
2023-07-03,cvar_no_crypto_control,min_historical_cvar,0.95,0.0,0.015558090329077595,False,3,0.015558090329077623
2023-08-01,cvar_no_crypto_control,min_historical_cvar,0.95,0.0,0.01190491836313673,False,3,0.011904918363136674
2023-09-01,cvar_no_crypto_control,min_historical_cvar,0.95,0.0,0.00269703087344747,False,3,0.00269703087344747
2023-10-02,cvar_no_crypto_control,min_historical_cvar,0.95,0.0,0.04175408470792846,False,3,0.04175408470792846
2023-11-01,cvar_no_crypto_control,min_historical_cvar,0.95,0.0,0.029517629575264617,False,4,0.025122282847142574
2023-12-01,cvar_no_crypto_control,min_historical_cvar,0.95,0.0,0.015030042043363636,False,4,0.014865204203017124
2024-01-01,cvar_no_crypto_control,min_historical_cvar,0.95,0.0,0.03520081692477525,False,4,0.03520081692477528
2024-02-01,cvar_no_crypto_control,min_historical_cvar,0.95,0.0,0.00812581524832946,False,4,0.007219461912845393
2024-03-01,cvar_no_crypto_control,min_historical_cvar,0.95,0.0,0.07443787933942031,False,4,0.07037034693040711
2024-04-01,cvar_no_crypto_control,min_historical_cvar,0.95,0.0,0.01406512449829489,False,4,0.01406512449829489
2024-05-01,cvar_no_crypto_control,min_historical_cvar,0.95,0.0,0.0532444713904478,False,4,0.046202550864854086
2024-06-03,cvar_no_crypto_control,min_historical_cvar,0.95,0.0,0.007437633555948724,False,4,0.006213935754116995
2024-07-01,cvar_no_crypto_control,min_historical_cvar,0.95,0.0,0.0854786842427362,False,4,0.08547868424273625
2024-08-01,cvar_no_crypto_control,min_historical_cvar,0.95,0.0,0.08203481679060828,False,4,0.08203481679060824
2024-09-02,cvar_no_crypto_control,min_historical_cvar,0.95,0.0,0.07742772647510852,False,4,0.07738236923387037
2024-10-01,cvar_no_crypto_control,min_historical_cvar,0.95,0.0,0.056695985909615276,False,3,0.056695985909615276
2024-11-01,cvar_no_crypto_control,min_historical_cvar,0.95,0.0,0.07284914173490667,False,4,0.07271006360400989
2024-12-02,cvar_no_crypto_control,min_historical_cvar,0.95,0.0,0.014116568947890717,False,4,0.012952971055766316
2025-01-01,cvar_no_crypto_control,min_historical_cvar,0.95,0.0,0.0596860479114197,False,4,0.05611329494522886
2025-02-03,cvar_no_crypto_control,min_historical_cvar,0.95,0.0,0.028680241597815424,False,4,0.028680241597815403
2025-03-03,cvar_no_crypto_control,min_historical_cvar,0.95,0.0,0.023464855481872472,False,4,0.012685136792602247
2025-04-01,cvar_no_crypto_control,min_historical_cvar,0.95,0.0,0.03086943519861633,False,4,0.030869435198616346
2025-05-01,cvar_no_crypto_control,min_historical_cvar,0.95,0.0,0.058126726757794754,False,4,0.050651931598351074
2025-06-02,cvar_no_crypto_control,min_historical_cvar,0.95,0.0,0.01650490040506425,False,3,0.01650490040506425
2025-07-01,cvar_no_crypto_control,min_historical_cvar,0.95,0.0,0.007540073238441691,False,3,0.007540073238441636
2025-08-01,cvar_no_crypto_control,min_historical_cvar,0.95,0.0,0.00667218044341833,False,3,0.006672180443418385
2025-09-01,cvar_no_crypto_control,min_historical_cvar,0.95,0.0,0.008964309116682362,False,3,0.00896430911668239
2025-10-01,cvar_no_crypto_control,min_historical_cvar,0.95,0.0,0.01748513004172192,False,3,0.01748513004172192
2025-11-03,cvar_no_crypto_control,min_historical_cvar,0.95,0.0,0.003808117923629395,False,3,0.003808117923629395
2025-12-01,cvar_no_crypto_control,min_historical_cvar,0.95,0.0,0.011440895172063925,False,3,0.011440895172063925
2026-01-01,cvar_no_crypto_control,min_historical_cvar,0.95,0.0,0.008807262464230359,False,3,0.008807262464230303
2026-02-02,cvar_no_crypto_control,min_historical_cvar,0.95,0.0,0.07522427906129736,False,3,0.07522427906129742
2026-03-02,cvar_no_crypto_control,min_historical_cvar,0.95,0.0,0.07568258296921437,False,4,0.07333078177740537
2026-04-01,cvar_no_crypto_control,min_historical_cvar,0.95,0.0,0.11525489619778015,False,4,0.1152548961977801
2026-05-01,cvar_no_crypto_control,min_historical_cvar,0.95,0.0,0.022418845238378303,False,4,0.022418845238378227
2019-01-01,minvar_baseline_ch1,min_variance,0.95,0.2,0.0,True,0,0.0
2019-02-01,minvar_baseline_ch1,min_variance,0.95,0.2,0.01723990249759276,False,4,0.01723990249759272
2019-03-01,minvar_baseline_ch1,min_variance,0.95,0.2,0.009774552245877238,False,4,0.00905489752485128
2019-04-01,minvar_baseline_ch1,min_variance,0.95,0.2,0.01697217895055466,False,4,0.012378685181399618
2019-05-01,minvar_baseline_ch1,min_variance,0.95,0.2,0.013687831870597252,False,4,0.01073404601747108
2019-06-03,minvar_baseline_ch1,min_variance,0.95,0.2,0.02257843127806724,False,4,0.0225784312780673
2019-07-01,minvar_baseline_ch1,min_variance,0.95,0.2,0.01497209629406044,False,4,0.014972096294060488
2019-08-01,minvar_baseline_ch1,min_variance,0.95,0.2,0.0054073003250020915,False,5,0.0053081889217044854
2019-09-02,minvar_baseline_ch1,min_variance,0.95,0.2,0.038879853191315296,False,4,0.03696128287057904
2019-10-01,minvar_baseline_ch1,min_variance,0.95,0.2,0.01941515616849319,False,4,0.019415156168493153
2019-11-01,minvar_baseline_ch1,min_variance,0.95,0.2,0.014402062908502088,False,4,0.014402062908502045
2019-12-02,minvar_baseline_ch1,min_variance,0.95,0.2,0.028387778660842695,False,6,0.02187372121992198
2020-01-01,minvar_baseline_ch1,min_variance,0.95,0.2,0.0741701161103774,False,6,0.06448099584911646
2020-02-03,minvar_baseline_ch1,min_variance,0.95,0.2,0.029501577985177628,False,6,0.015852158743719397
2020-03-02,minvar_baseline_ch1,min_variance,0.95,0.2,0.05477931117641459,False,6,0.030913124893608646
2020-04-01,minvar_baseline_ch1,min_variance,0.95,0.2,0.24326065693740473,False,5,0.20262365283740974
2020-05-01,minvar_baseline_ch1,min_variance,0.95,0.2,0.07976640749203337,False,4,0.07957867269975466
2020-06-01,minvar_baseline_ch1,min_variance,0.95,0.2,0.015456929988483263,False,4,0.013235624222454903
2020-07-01,minvar_baseline_ch1,min_variance,0.95,0.2,0.030534954639086648,False,4,0.028419692453230158
2020-08-03,minvar_baseline_ch1,min_variance,0.95,0.2,0.016518290567067388,False,4,0.01163313326632115
2020-09-01,minvar_baseline_ch1,min_variance,0.95,0.2,0.09183160272817678,False,4,0.09183160272817684
2020-10-01,minvar_baseline_ch1,min_variance,0.95,0.2,0.012929537737020644,False,4,0.011071206064197536
2020-11-02,minvar_baseline_ch1,min_variance,0.95,0.2,0.00570382851391538,False,3,0.005703828513915321
2020-12-01,minvar_baseline_ch1,min_variance,0.95,0.2,0.026262264067068684,False,3,0.026262264067068664
2021-01-01,minvar_baseline_ch1,min_variance,0.95,0.2,0.014810470106840463,False,3,0.014810470106840501
2021-02-01,minvar_baseline_ch1,min_variance,0.95,0.2,0.005200117001534984,False,3,0.005200117001534887
2021-03-01,minvar_baseline_ch1,min_variance,0.95,0.2,0.019069629247999768,False,3,0.01906962924799982
2021-04-01,minvar_baseline_ch1,min_variance,0.95,0.2,0.04904914517441904,False,3,0.04904914517441905
2021-05-03,minvar_baseline_ch1,min_variance,0.95,0.2,0.0050475686481349135,False,3,0.005047568648134937
2021-06-01,minvar_baseline_ch1,min_variance,0.95,0.2,0.01505146003891007,False,3,0.015051460038910114
2021-07-01,minvar_baseline_ch1,min_variance,0.95,0.2,0.021963934810531417,False,3,0.021963934810531383
2021-08-02,minvar_baseline_ch1,min_variance,0.95,0.2,0.0027290063587017506,False,3,0.0027290063587017688
2021-09-01,minvar_baseline_ch1,min_variance,0.95,0.2,0.0072026684305819075,False,4,0.007202668430581871
2021-10-01,minvar_baseline_ch1,min_variance,0.95,0.2,0.004203550114470557,False,4,0.0037706636568622387
2021-11-01,minvar_baseline_ch1,min_variance,0.95,0.2,0.010975975973293512,False,4,0.010975975973293528
2021-12-01,minvar_baseline_ch1,min_variance,0.95,0.2,0.009307680250824579,False,4,0.008022809643799034
2022-01-03,minvar_baseline_ch1,min_variance,0.95,0.2,0.013433621577093432,False,4,0.01343362157709338
2022-02-01,minvar_baseline_ch1,min_variance,0.95,0.2,0.00635851460375082,False,3,0.006358514603750864
2022-03-01,minvar_baseline_ch1,min_variance,0.95,0.2,0.011116731731706075,False,3,0.011116731731706075
2022-04-01,minvar_baseline_ch1,min_variance,0.95,0.2,0.020592335518110905,False,3,0.020592335518110905
2022-05-02,minvar_baseline_ch1,min_variance,0.95,0.2,0.008530065010145475,False,3,0.008530065010145527
2022-06-01,minvar_baseline_ch1,min_variance,0.95,0.2,0.017281837969320285,False,3,0.017281837969320313
2022-07-01,minvar_baseline_ch1,min_variance,0.95,0.2,0.0079228650702105,False,3,0.007922865070210505
2022-08-01,minvar_baseline_ch1,min_variance,0.95,0.2,0.0314730143494658,False,3,0.031473014349465755
2022-09-01,minvar_baseline_ch1,min_variance,0.95,0.2,0.0034886190667839626,False,3,0.0034886190667836048
2022-10-03,minvar_baseline_ch1,min_variance,0.95,0.2,0.014229822605074372,False,3,0.014229822605073994
2022-11-01,minvar_baseline_ch1,min_variance,0.95,0.2,0.03309352374522599,False,3,0.033093523745225895
2022-12-01,minvar_baseline_ch1,min_variance,0.95,0.2,0.004434113975211165,False,3,0.004434113975211207
2023-01-02,minvar_baseline_ch1,min_variance,0.95,0.2,0.016190083376288945,False,3,0.016190083376288966
2023-02-01,minvar_baseline_ch1,min_variance,0.95,0.2,0.003500724513010976,False,3,0.003500724513010922
2023-03-01,minvar_baseline_ch1,min_variance,0.95,0.2,0.005695718185122251,False,3,0.005695718185122212
2023-04-03,minvar_baseline_ch1,min_variance,0.95,0.2,0.007755367257258413,False,3,0.007755367257258394
2023-05-01,minvar_baseline_ch1,min_variance,0.95,0.2,0.005337121880728815,False,3,0.005337121880728879
2023-06-01,minvar_baseline_ch1,min_variance,0.95,0.2,0.02110235413599365,False,3,0.02110235413599365
2023-07-03,minvar_baseline_ch1,min_variance,0.95,0.2,0.01268559707348276,False,3,0.012685597073482713
2023-08-01,minvar_baseline_ch1,min_variance,0.95,0.2,0.009676359644445184,False,3,0.009676359644445132
2023-09-01,minvar_baseline_ch1,min_variance,0.95,0.2,0.005038078488403942,False,3,0.005038078488403874
2023-10-02,minvar_baseline_ch1,min_variance,0.95,0.2,0.007125085702925069,False,3,0.0071250857029250825
2023-11-01,minvar_baseline_ch1,min_variance,0.95,0.2,0.06490217198827516,False,5,0.05531901622330376
2023-12-01,minvar_baseline_ch1,min_variance,0.95,0.2,0.031442043955765456,False,6,0.02343488711430508
2024-01-01,minvar_baseline_ch1,min_variance,0.95,0.2,0.04793749692002676,False,5,0.046482357151096165
2024-02-01,minvar_baseline_ch1,min_variance,0.95,0.2,0.025182706189135973,False,6,0.01306418210224123
2024-03-01,minvar_baseline_ch1,min_variance,0.95,0.2,0.020714430278779845,False,6,0.0090389549124331
2024-04-01,minvar_baseline_ch1,min_variance,0.95,0.2,0.02421610650955292,False,6,0.018925334188178156
2024-05-01,minvar_baseline_ch1,min_variance,0.95,0.2,0.04723712951945763,False,5,0.03412110092298187
2024-06-03,minvar_baseline_ch1,min_variance,0.95,0.2,0.013725301294253155,False,5,0.009089259203196885
2024-07-01,minvar_baseline_ch1,min_variance,0.95,0.2,0.016308744022958076,False,5,0.009500834721145074
2024-08-01,minvar_baseline_ch1,min_variance,0.95,0.2,0.034556309822139024,False,5,0.026344201251161867
2024-09-02,minvar_baseline_ch1,min_variance,0.95,0.2,0.03670662068741348,False,5,0.03670662068741351
2024-10-01,minvar_baseline_ch1,min_variance,0.95,0.2,0.05913704673687217,False,5,0.0553776721610392
2024-11-01,minvar_baseline_ch1,min_variance,0.95,0.2,0.08331294221218669,False,5,0.0728477014337161
2024-12-02,minvar_baseline_ch1,min_variance,0.95,0.2,0.019072310514905107,False,5,0.013185000084895038
2025-01-01,minvar_baseline_ch1,min_variance,0.95,0.2,0.011064965356643803,False,5,0.010525328430393444
2025-02-03,minvar_baseline_ch1,min_variance,0.95,0.2,0.014803974364608343,False,5,0.0124406672792749
2025-03-03,minvar_baseline_ch1,min_variance,0.95,0.2,0.01961840265146711,False,5,0.01246513118887782
2025-04-01,minvar_baseline_ch1,min_variance,0.95,0.2,0.026590045466815364,False,4,0.023595021761850077
2025-05-01,minvar_baseline_ch1,min_variance,0.95,0.2,0.049447929218604775,False,4,0.04944792921860475
2025-06-02,minvar_baseline_ch1,min_variance,0.95,0.2,0.02713382394855395,False,4,0.027133823948553903
2025-07-01,minvar_baseline_ch1,min_variance,0.95,0.2,0.007423914784891501,False,4,0.0074239147848914055
2025-08-01,minvar_baseline_ch1,min_variance,0.95,0.2,0.007247854134598387,False,4,0.0071489838987252585
2025-09-01,minvar_baseline_ch1,min_variance,0.95,0.2,0.009962808145698422,False,4,0.00942188145959505
2025-10-01,minvar_baseline_ch1,min_variance,0.95,0.2,0.017391051161728278,False,4,0.017391051161728233
2025-11-03,minvar_baseline_ch1,min_variance,0.95,0.2,0.03358676778055416,False,4,0.030327031197015353
2025-12-01,minvar_baseline_ch1,min_variance,0.95,0.2,0.013529766148401024,False,4,0.012662631464748886
2026-01-01,minvar_baseline_ch1,min_variance,0.95,0.2,0.01910960560107086,False,4,0.01910960560107089
2026-02-02,minvar_baseline_ch1,min_variance,0.95,0.2,0.06472235476376509,False,4,0.06472235476376514
2026-03-02,minvar_baseline_ch1,min_variance,0.95,0.2,0.05872079059806236,False,5,0.044247159344350376
2026-04-01,minvar_baseline_ch1,min_variance,0.95,0.2,0.10024362789269767,False,4,0.10024362789269761
2026-05-01,minvar_baseline_ch1,min_variance,0.95,0.2,0.04307876863295492,False,4,0.026202019043741698
2019-01-01,minvar_no_crypto_control,min_variance,0.95,0.0,0.0,True,0,0.0
2019-02-01,minvar_no_crypto_control,min_variance,0.95,0.0,0.012927121606595687,False,3,0.012927121606595648
2019-03-01,minvar_no_crypto_control,min_variance,0.95,0.0,0.008867629640110744,False,3,0.00886762964011062
2019-04-01,minvar_no_crypto_control,min_variance,0.95,0.0,0.012489630102925534,False,3,0.01248963010292553
2019-05-01,minvar_no_crypto_control,min_variance,0.95,0.0,0.011333178485673199,False,3,0.011333178485673168
2019-06-03,minvar_no_crypto_control,min_variance,0.95,0.0,0.022175502522925872,False,3,0.022175502522925827
2019-07-01,minvar_no_crypto_control,min_variance,0.95,0.0,0.014206886459301162,False,3,0.014206886459301182
2019-08-01,minvar_no_crypto_control,min_variance,0.95,0.0,0.0017562550175125053,False,3,0.0017562550175124203
2019-09-02,minvar_no_crypto_control,min_variance,0.95,0.0,0.03729389534178676,False,3,0.03729389534178679
2019-10-01,minvar_no_crypto_control,min_variance,0.95,0.0,0.017970355464070532,False,3,0.017970355464070664
2019-11-01,minvar_no_crypto_control,min_variance,0.95,0.0,0.013469454269540153,False,3,0.01346945426954016
2019-12-02,minvar_no_crypto_control,min_variance,0.95,0.0,0.02264139705726345,False,4,0.020653078992548583
2020-01-01,minvar_no_crypto_control,min_variance,0.95,0.0,0.06757365306770796,False,4,0.0609679359069758
2020-02-03,minvar_no_crypto_control,min_variance,0.95,0.0,0.026896720265205173,False,4,0.014192572708584789
2020-03-02,minvar_no_crypto_control,min_variance,0.95,0.0,0.05116138063113844,False,4,0.027401403380140577
2020-04-01,minvar_no_crypto_control,min_variance,0.95,0.0,0.23413854126165654,False,4,0.20179229897716883
2020-05-01,minvar_no_crypto_control,min_variance,0.95,0.0,0.07976640749203337,False,4,0.07957867269975466
2020-06-01,minvar_no_crypto_control,min_variance,0.95,0.0,0.015456929988483263,False,4,0.013235624222454903
2020-07-01,minvar_no_crypto_control,min_variance,0.95,0.0,0.030534954639086648,False,4,0.028419692453230158
2020-08-03,minvar_no_crypto_control,min_variance,0.95,0.0,0.016518290567067388,False,4,0.01163313326632115
2020-09-01,minvar_no_crypto_control,min_variance,0.95,0.0,0.09183160272817678,False,4,0.09183160272817684
2020-10-01,minvar_no_crypto_control,min_variance,0.95,0.0,0.012929537737020644,False,4,0.011071206064197536
2020-11-02,minvar_no_crypto_control,min_variance,0.95,0.0,0.00570382851391538,False,3,0.005703828513915321
2020-12-01,minvar_no_crypto_control,min_variance,0.95,0.0,0.026262264067068684,False,3,0.026262264067068664
2021-01-01,minvar_no_crypto_control,min_variance,0.95,0.0,0.014810470106840463,False,3,0.014810470106840501
2021-02-01,minvar_no_crypto_control,min_variance,0.95,0.0,0.005200117001534984,False,3,0.005200117001534887
2021-03-01,minvar_no_crypto_control,min_variance,0.95,0.0,0.019069629247999768,False,3,0.01906962924799982
2021-04-01,minvar_no_crypto_control,min_variance,0.95,0.0,0.04904914517441904,False,3,0.04904914517441905
2021-05-03,minvar_no_crypto_control,min_variance,0.95,0.0,0.005047568648134827,False,3,0.005047568648134881
2021-06-01,minvar_no_crypto_control,min_variance,0.95,0.0,0.015051460038909989,False,3,0.015051460038910003
2021-07-01,minvar_no_crypto_control,min_variance,0.95,0.0,0.021963934810531417,False,3,0.021963934810531383
2021-08-02,minvar_no_crypto_control,min_variance,0.95,0.0,0.0027290063587017957,False,3,0.0027290063587017688
2021-09-01,minvar_no_crypto_control,min_variance,0.95,0.0,0.00720266843058195,False,3,0.007202668430581871
2021-10-01,minvar_no_crypto_control,min_variance,0.95,0.0,0.003794220838185195,False,3,0.0037942208381852027
2021-11-01,minvar_no_crypto_control,min_variance,0.95,0.0,0.01097597597329365,False,3,0.010975975973293584
2021-12-01,minvar_no_crypto_control,min_variance,0.95,0.0,0.007975462574206569,False,3,0.00797546257420656
2022-01-03,minvar_no_crypto_control,min_variance,0.95,0.0,0.01345462391310374,False,3,0.013454623913103703
2022-02-01,minvar_no_crypto_control,min_variance,0.95,0.0,0.006358514603750689,False,3,0.006358514603750698
2022-03-01,minvar_no_crypto_control,min_variance,0.95,0.0,0.011116731731706065,False,3,0.011116731731706075
2022-04-01,minvar_no_crypto_control,min_variance,0.95,0.0,0.020592335518110905,False,3,0.020592335518110905
2022-05-02,minvar_no_crypto_control,min_variance,0.95,0.0,0.008530065010145475,False,3,0.008530065010145527
2022-06-01,minvar_no_crypto_control,min_variance,0.95,0.0,0.017281837969320285,False,3,0.017281837969320313
2022-07-01,minvar_no_crypto_control,min_variance,0.95,0.0,0.0079228650702105,False,3,0.007922865070210505
2022-08-01,minvar_no_crypto_control,min_variance,0.95,0.0,0.0314730143494658,False,3,0.031473014349465755
2022-09-01,minvar_no_crypto_control,min_variance,0.95,0.0,0.0034886190667839626,False,3,0.0034886190667836048
2022-10-03,minvar_no_crypto_control,min_variance,0.95,0.0,0.014229822605074372,False,3,0.014229822605073994
2022-11-01,minvar_no_crypto_control,min_variance,0.95,0.0,0.03309352374522599,False,3,0.033093523745225895
2022-12-01,minvar_no_crypto_control,min_variance,0.95,0.0,0.004434113975211165,False,3,0.004434113975211207
2023-01-02,minvar_no_crypto_control,min_variance,0.95,0.0,0.016190083376288945,False,3,0.016190083376288966
2023-02-01,minvar_no_crypto_control,min_variance,0.95,0.0,0.003500724513010976,False,3,0.003500724513010922
2023-03-01,minvar_no_crypto_control,min_variance,0.95,0.0,0.005695718185122251,False,3,0.005695718185122212
2023-04-03,minvar_no_crypto_control,min_variance,0.95,0.0,0.007755367257258413,False,3,0.007755367257258394
2023-05-01,minvar_no_crypto_control,min_variance,0.95,0.0,0.005337121880728815,False,3,0.005337121880728879
2023-06-01,minvar_no_crypto_control,min_variance,0.95,0.0,0.02110235174393254,False,3,0.0211023517439326
2023-07-03,minvar_no_crypto_control,min_variance,0.95,0.0,0.012685597023674736,False,3,0.012685597023674666
2023-08-01,minvar_no_crypto_control,min_variance,0.95,0.0,0.00967634436671508,False,3,0.009676344366714995
2023-09-01,minvar_no_crypto_control,min_variance,0.95,0.0,0.005038075022771831,False,3,0.005038075022771815
2023-10-02,minvar_no_crypto_control,min_variance,0.95,0.0,0.0071250857029249905,False,3,0.0071250857029249715
2023-11-01,minvar_no_crypto_control,min_variance,0.95,0.0,0.06455595450863696,False,4,0.056337392497762324
2023-12-01,minvar_no_crypto_control,min_variance,0.95,0.0,0.02682155704443827,False,4,0.020208552443862687
2024-01-01,minvar_no_crypto_control,min_variance,0.95,0.0,0.046620133394177476,False,4,0.04618276649835942
2024-02-01,minvar_no_crypto_control,min_variance,0.95,0.0,0.014978127840686981,False,4,0.010618081419992514
2024-03-01,minvar_no_crypto_control,min_variance,0.95,0.0,0.010929219388320033,False,4,0.010292625974086367
2024-04-01,minvar_no_crypto_control,min_variance,0.95,0.0,0.01937583590645339,False,4,0.015334818781120418
2024-05-01,minvar_no_crypto_control,min_variance,0.95,0.0,0.041727146741879266,False,4,0.03465847290334634
2024-06-03,minvar_no_crypto_control,min_variance,0.95,0.0,0.007102599000530409,False,4,0.00637728229800455
2024-07-01,minvar_no_crypto_control,min_variance,0.95,0.0,0.015453562975677598,False,4,0.010827090162985109
2024-08-01,minvar_no_crypto_control,min_variance,0.95,0.0,0.02854307388907841,False,4,0.02305618871818274
2024-09-02,minvar_no_crypto_control,min_variance,0.95,0.0,0.032662340767087905,False,4,0.03263469850266243
2024-10-01,minvar_no_crypto_control,min_variance,0.95,0.0,0.056848564066407724,False,4,0.05329707034657924
2024-11-01,minvar_no_crypto_control,min_variance,0.95,0.0,0.07654480655899219,False,4,0.07654480655899215
2024-12-02,minvar_no_crypto_control,min_variance,0.95,0.0,0.013400625685914085,False,4,0.013323937833747579
2025-01-01,minvar_no_crypto_control,min_variance,0.95,0.0,0.010851700883854542,False,4,0.010640487398562715
2025-02-03,minvar_no_crypto_control,min_variance,0.95,0.0,0.014532614734237698,False,4,0.014532614734237696
2025-03-03,minvar_no_crypto_control,min_variance,0.95,0.0,0.01941515668632876,False,4,0.01246513118559417
2025-04-01,minvar_no_crypto_control,min_variance,0.95,0.0,0.026806066280022564,False,4,0.026619096740664927
2025-05-01,minvar_no_crypto_control,min_variance,0.95,0.0,0.044048888189579485,False,3,0.04404888818957936
2025-06-02,minvar_no_crypto_control,min_variance,0.95,0.0,0.016504900405064332,False,3,0.01650490040506425
2025-07-01,minvar_no_crypto_control,min_variance,0.95,0.0,0.007540073238441704,False,3,0.007540073238441636
2025-08-01,minvar_no_crypto_control,min_variance,0.95,0.0,0.006672180443418394,False,3,0.006672180443418385
2025-09-01,minvar_no_crypto_control,min_variance,0.95,0.0,0.008964309116682515,False,3,0.008964309116682334
2025-10-01,minvar_no_crypto_control,min_variance,0.95,0.0,0.017485130041721978,False,3,0.01748513004172192
2025-11-03,minvar_no_crypto_control,min_variance,0.95,0.0,0.017737456766591744,False,3,0.01773745676659172
2025-12-01,minvar_no_crypto_control,min_variance,0.95,0.0,0.012849123470726594,False,3,0.012849123470726587
2026-01-01,minvar_no_crypto_control,min_variance,0.95,0.0,0.018638791730075235,False,3,0.018638791730075266
2026-02-02,minvar_no_crypto_control,min_variance,0.95,0.0,0.0545247778273783,False,4,0.0545247778273783
2026-03-02,minvar_no_crypto_control,min_variance,0.95,0.0,0.05400920323399002,False,4,0.05141119612452599
2026-04-01,minvar_no_crypto_control,min_variance,0.95,0.0,0.10024362535150477,False,4,0.10024362535150484
2026-05-01,minvar_no_crypto_control,min_variance,0.95,0.0,0.043078769684774934,False,4,0.026202019996016748
